Workbook

Sheet comments-api data
B1: API Express | Q1: DB Mongo
A2: | | B2: microservice | C2: link | D2: line | E2: operation | F2: sample | G2: score | H2: E1 | I2: E2 | J2: E3 | K2: E4 | L2: E5 | M2: E6 | N2: E7 | O2: E8 | P2: | | Q2: microservice | R2: link | S2: line | T2: operation | U2: parts | V2: score | W2: M1 | X2: M2 | Y2: M3 | Z2: M4 | AA2: M5 | AB2: M6 | AC2: |
B3: comments-api | Q3: comments-api
C4: https://github.com/dev-mastery/comments-api/blob/master/src/index.js | D4: 23 | E4: post | F4: `${apiRoot}/comments` | G4: =SUM(Tableau1[[#This Row],[E1]:[E8]]) -> 8 | H4: 1 | I4: 1 | J4: 1 | K4: 1 | L4: 1 | M4: 1 | N4: 1 | O4: 1 | R4: https://github.com/dev-mastery/comments-api/blob/master/db/index.js | S4: 9 | T4: collection | U4: 'comments' | V4: =SUM(Tableau2[[#This Row],[M1]:[M6]]) -> 3 | W4: 1 | X4: 1 | Y4: 1
C5: https://github.com/dev-mastery/comments-api/blob/master/src/index.js | D5: 24 | E5: delete | F5: `${apiRoot}/comments/:id | G5: =SUM(Tableau1[[#This Row],[E1]:[E8]]) -> 8 | H5: 1 | I5: 1 | J5: 1 | K5: 1 | L5: 1 | M5: 1 | N5: 1 | O5: 1 | R5: https://github.com/dev-mastery/comments-api/blob/master/db/index.js | S5: 9 | T5: collection('comments').createIndexes | U5: ....createIndexes [{ key : { hash : '1' }, name : 'hash_idx' }, { key : { postId : ... }, name : 'postId_idx' }, { key : { replyToId : ... }, name : 'replyToId_idx' }]; | V5: =SUM(Tableau2[[#This Row],[M1]:[M6]]) -> 3 | W5: 1 | X5: 1 | Y5: 1
C6: https://github.com/dev-mastery/comments-api/blob/master/src/index.js | D6: 25 | E6: delete | F6: `${apiRoot}/comments` | G6: =SUM(Tableau1[[#This Row],[E1]:[E8]]) -> 8 | H6: 1 | I6: 1 | J6: 1 | K6: 1 | L6: 1 | M6: 1 | N6: 1 | O6: 1 | R6: https://github.com/dev-mastery/comments-api/blob/master/src/data-access/comments-db.js | S6: 17 | T6: collection('comments').find | U6: query | V6: =SUM(Tableau2[[#This Row],[M1]:[M6]]) -> 2 | W6: 1 | Y6: 1
C7: https://github.com/dev-mastery/comments-api/blob/master/src/index.js | D7: 26 | E7: patch | F7: `${apiRoot}/comments/:id` | G7: =SUM(Tableau1[[#This Row],[E1]:[E8]]) -> 8 | H7: 1 | I7: 1 | J7: 1 | K7: 1 | L7: 1 | M7: 1 | N7: 1 | O7: 1 | R7: https://github.com/dev-mastery/comments-api/blob/master/src/data-access/comments-db.js | S7: 17 | T7: collection | U7: 'comments' | V7: =SUM(Tableau2[[#This Row],[M1]:[M6]]) -> 3 | W7: 1 | X7: 1 | Y7: 1
C8: https://github.com/dev-mastery/comments-api/blob/master/src/index.js | D8: 27 | E8: patch | F8: `${apiRoot}/comments` | G8: =SUM(Tableau1[[#This Row],[E1]:[E8]]) -> 8 | H8: 1 | I8: 1 | J8: 1 | K8: 1 | L8: 1 | M8: 1 | N8: 1 | O8: 1 | R8: https://github.com/dev-mastery/comments-api/blob/master/src/data-access/comments-db.js | S8: 25 | T8: collection('comments').find | U8: query | V8: =SUM(Tableau2[[#This Row],[M1]:[M6]]) -> 2 | W8: 1 | Y8: 1
C9: https://github.com/dev-mastery/comments-api/blob/master/src/index.js | D9: 28 | E9: get | F9: `${apiRoot}/comments` | G9: =SUM(Tableau1[[#This Row],[E1]:[E8]]) -> 8 | H9: 1 | I9: 1 | J9: 1 | K9: 1 | L9: 1 | M9: 1 | N9: 1 | O9: 1 | R9: https://github.com/dev-mastery/comments-api/blob/master/src/data-access/comments-db.js | S9: 25 | T9: collection | U9: 'comments' | V9: =SUM(Tableau2[[#This Row],[M1]:[M6]]) -> 3 | W9: 1 | X9: 1 | Y9: 1
R10: https://github.com/dev-mastery/comments-api/blob/master/src/data-access/comments-db.js | S10: 39 | T10: collection('comments').find | U10: query | V10: =SUM(Tableau2[[#This Row],[M1]:[M6]]) -> 2 | W10: 1 | Y10: 1
R11: https://github.com/dev-mastery/comments-api/blob/master/src/data-access/comments-db.js | S11: 39 | T11: collection | U11: 'comments' | V11: =SUM(Tableau2[[#This Row],[M1]:[M6]]) -> 3 | W11: 1 | X11: 1 | Y11: 1
R12: https://github.com/dev-mastery/comments-api/blob/master/src/data-access/comments-db.js | S12: 50 | T12: collection('comments').find | U12: query | V12: =SUM(Tableau2[[#This Row],[M1]:[M6]]) -> 2 | W12: 1 | Y12: 1
R13: https://github.com/dev-mastery/comments-api/blob/master/src/data-access/comments-db.js | S13: 50 | T13: collection | U13: 'comments' | V13: =SUM(Tableau2[[#This Row],[M1]:[M6]]) -> 3 | W13: 1 | X13: 1 | Y13: 1
R14: https://github.com/dev-mastery/comments-api/blob/master/src/data-access/comments-db.js | S14: 58 | T14: collection('comments').insertOne | U14: {_id, …commentInfo} | V14: =SUM(Tableau2[[#This Row],[M1]:[M6]]) -> 3 | W14: 1 | X14: 1 | Y14: 1
R15: https://github.com/dev-mastery/comments-api/blob/master/src/data-access/comments-db.js | S15: 58 | T15: collection | U15: 'comments' | V15: =SUM(Tableau2[[#This Row],[M1]:[M6]]) -> 3 | W15: 1 | X15: 1 | Y15: 1
R16: https://github.com/dev-mastery/comments-api/blob/master/src/data-access/comments-db.js | S16: 67 | T16: collection('comments').updateOne | U16: {_id} | V16: =SUM(Tableau2[[#This Row],[M1]:[M6]]) -> 3 | W16: 1 | X16: 1 | Y16: 1
R17: https://github.com/dev-mastery/comments-api/blob/master/src/data-access/comments-db.js | S17: 67 | T17: collection | U17: 'comments' | V17: =SUM(Tableau2[[#This Row],[M1]:[M6]]) -> 3 | W17: 1 | X17: 1 | Y17: 1
R18: https://github.com/dev-mastery/comments-api/blob/master/src/data-access/comments-db.js | S18: 74 | T18: collection('comments').deleteOne | U18: {_id} | V18: =SUM(Tableau2[[#This Row],[M1]:[M6]]) -> 3 | W18: 1 | X18: 1 | Y18: 1
R19: https://github.com/dev-mastery/comments-api/blob/master/src/data-access/comments-db.js | S19: 74 | T19: collection | U19: 'comments' | V19: =SUM(Tableau2[[#This Row],[M1]:[M6]]) -> 3 | W19: 1 | X19: 1 | Y19: 1
R20: https://github.com/dev-mastery/comments-api/blob/master/src/data-access/comments-db.js | S20: 79 | T20: collection('comments').deleteOne | U20: {hash: comment.hash} | V20: =SUM(Tableau2[[#This Row],[M1]:[M6]]) -> 3 | W20: 1 | X20: 1 | Y20: 1
R21: https://github.com/dev-mastery/comments-api/blob/master/src/data-access/comments-db.js | S21: 79 | T21: collection | U21: 'comments' | V21: =SUM(Tableau2[[#This Row],[M1]:[M6]]) -> 3 | W21: 1 | X21: 1 | Y21: 1

Sheet comments-api analysis
A1: API Express Heuristics Frequency
A2: Heuristics | B2: E1 | C2: E2 | D2: E3 | E2: E4 | F2: E5 | G2: E6 | H2: E7 | I2: E8
A3: Occurrences | B3: =COUNTIF(Tableau1[E1],"1") -> 6 | C3: =COUNTIF(Tableau1[E2],"1") -> 6 | D3: =COUNTIF(Tableau1[E3],"1") -> 6 | E3: =COUNTIF(Tableau1[E4],"1") -> 6 | F3: =COUNTIF(Tableau1[E5],"1") -> 6 | G3: =COUNTIF(Tableau1[E6],"1") -> 6 | H3: =COUNTIF(Tableau1[E7],"1") -> 6 | I3: =COUNTIF(Tableau1[E8],"1") -> 6
A4: Frequency | B4: =B3/6 -> 1 | C4: =C3/6 -> 1 | D4: =D3/6 -> 1 | E4: =E3/6 -> 1 | F4: =F3/6 -> 1 | G4: =G3/6 -> 1 | H4: =H3/6 -> 1 | I4: =I3/6 -> 1
A6: DB Mongo Heuristics Frequency
A7: Heuristics | B7: M1 | C7: M2 | D7: M3 | E7: M4 | F7: M5 | G7: M6
A8: Occurrences | B8: =COUNTIF('comments-api data'!W4:W115,"1") -> 18 | C8: =COUNTIF('comments-api data'!X4:X115,"1") -> 14 | D8: =COUNTIF('comments-api data'!Y4:Y115,"1") -> 18 | E8: =COUNTIF('comments-api data'!Z4:Z115,"1") -> 0 | F8: =COUNTIF('comments-api data'!AA4:AA115,"1") -> 0 | G8: =COUNTIF('comments-api data'!AB4:AB115,"1") -> 0
A9: Frequency | B9: =B8/18 -> 1 | C9: =C8/18 -> 0.77777778 | D9: =D8/18 -> 1 | E9: =E8/18 -> 0 | F9: =F8/18 -> 0 | G9: =G8/18 -> 0
A13: API Express Score Frequency
A14: Scores | B14: 1 | C14: 2 | D14: 3 | E14: 4 | F14: 5 | G14: 6 | H14: 7 | I14: 8
A15: Occurrences (>=) | B15: =COUNTIF('comments-api data'!$G$3:$G$170,">="&B14) -> 6 | C15: =COUNTIF('comments-api data'!$G$3:$G$170,">="&C14) -> 6 | D15: =COUNTIF('comments-api data'!$G$3:$G$170,">="&D14) -> 6 | E15: =COUNTIF('comments-api data'!$G$3:$G$170,">="&E14) -> 6 | F15: =COUNTIF('comments-api data'!$G$3:$G$170,">="&F14) -> 6 | G15: =COUNTIF('comments-api data'!$G$3:$G$170,">="&G14) -> 6 | H15: =COUNTIF('comments-api data'!$G$3:$G$170,">="&H14) -> 6 | I15: =COUNTIF('comments-api data'!$G$3:$G$170,">="&I14) -> 6
A16: Frequency | B16: =B15/6 -> 1 | C16: =C15/6 -> 1 | D16: =D15/6 -> 1 | E16: =E15/6 -> 1 | F16: =F15/6 -> 1 | G16: =G15/6 -> 1 | H16: =H15/6 -> 1 | I16: =I15/6 -> 1
A18: DB Mongo Score Frequency
A19: Scores | B19: 1 | C19: 2 | D19: 3 | E19: 4 | F19: 5 | G19: 6
A20: Occurrences (>=) | B20: =COUNTIF('comments-api data'!$V$3:$V$116,">="&B19) -> 18 | C20: =COUNTIF('comments-api data'!$V$3:$V$116,">="&C19) -> 18 | D20: =COUNTIF('comments-api data'!$V$3:$V$116,">="&D19) -> 14 | E20: =COUNTIF('comments-api data'!$V$3:$V$116,">="&E19) -> 0 | F20: =COUNTIF('comments-api data'!$V$3:$V$116,">="&F19) -> 0 | G20: =COUNTIF('comments-api data'!$V$3:$V$116,">="&G19) -> 0
A21: Frequency | B21: =B20/18 -> 1 | C21: =C20/18 -> 1 | D21: =D20/18 -> 0.77777778 | E21: =E20/18 -> 0 | F21: =F20/18 -> 0 | G21: =G20/18 -> 0
